{
  "b2_s32_run1": [
    {
      "config": "b2_s32_run1",
      "batch_size": 32,
      "seq_len": 32,
      "speed": 63.64365974421903,
      "memory_mb": 184.17529296875,
      "batch_time_ms": 31.42753601074219,
      "loss": 33.310054779052734,
      "fusion_enabled": true
    }
  ],
  "b2_s32_run2": [
    {
      "config": "b2_s32_run2",
      "batch_size": 32,
      "seq_len": 32,
      "speed": 63.7638225843364,
      "memory_mb": 184.17529296875,
      "batch_time_ms": 31.368889808654785,
      "loss": 33.310054779052734,
      "fusion_enabled": true
    }
  ],
  "b2_s32_run3": [
    {
      "config": "b2_s32_run3",
      "batch_size": 32,
      "seq_len": 32,
      "speed": 63.40649715670299,
      "memory_mb": 184.17529296875,
      "batch_time_ms": 31.545767784118656,
      "loss": 33.310054779052734,
      "fusion_enabled": true
    }
  ],
  "b2_s64_run1": [
    {
      "config": "b2_s64_run1",
      "batch_size": 64,
      "seq_len": 64,
      "speed": 63.163509398580366,
      "memory_mb": 189.02685546875,
      "batch_time_ms": 31.666979789733887,
      "loss": 33.33092002868652,
      "fusion_enabled": true
    }
  ],
  "b2_s64_run2": [
    {
      "config": "b2_s64_run2",
      "batch_size": 64,
      "seq_len": 64,
      "speed": 62.692390907322405,
      "memory_mb": 189.02685546875,
      "batch_time_ms": 31.90388202667236,
      "loss": 33.33092002868652,
      "fusion_enabled": true
    }
  ],
  "b2_s64_run3": [
    {
      "config": "b2_s64_run3",
      "batch_size": 64,
      "seq_len": 64,
      "speed": 62.96175657916876,
      "memory_mb": 189.02685546875,
      "batch_time_ms": 31.76812171936035,
      "loss": 33.33092002868652,
      "fusion_enabled": true
    }
  ],
  "b2_s128_run1": [
    {
      "config": "b2_s128_run1",
      "batch_size": 128,
      "seq_len": 128,
      "speed": 52.93817149325002,
      "memory_mb": 207.91748046875,
      "batch_time_ms": 37.78132915496826,
      "loss": 33.36609390258789,
      "fusion_enabled": true
    }
  ],
  "b2_s128_run2": [
    {
      "config": "b2_s128_run2",
      "batch_size": 128,
      "seq_len": 128,
      "speed": 52.838334452720225,
      "memory_mb": 207.91748046875,
      "batch_time_ms": 37.85205364227295,
      "loss": 33.36609390258789,
      "fusion_enabled": true
    }
  ],
  "b2_s128_run3": [
    {
      "config": "b2_s128_run3",
      "batch_size": 128,
      "seq_len": 128,
      "speed": 52.182648284435274,
      "memory_mb": 207.91748046875,
      "batch_time_ms": 38.33456516265869,
      "loss": 33.36609390258789,
      "fusion_enabled": true
    }
  ],
  "b4_s32_run1": [
    {
      "config": "b4_s32_run1",
      "batch_size": 32,
      "seq_len": 32,
      "speed": 124.62767637090164,
      "memory_mb": 185.96435546875,
      "batch_time_ms": 32.09806442260742,
      "loss": 33.43812469482422,
      "fusion_enabled": true
    }
  ],
  "b4_s32_run2": [
    {
      "config": "b4_s32_run2",
      "batch_size": 32,
      "seq_len": 32,
      "speed": 125.09511754299402,
      "memory_mb": 185.96435546875,
      "batch_time_ms": 31.977725028991696,
      "loss": 33.43812469482422,
      "fusion_enabled": true
    }
  ],
  "b4_s32_run3": [
    {
      "config": "b4_s32_run3",
      "batch_size": 32,
      "seq_len": 32,
      "speed": 125.21979999559595,
      "memory_mb": 185.96435546875,
      "batch_time_ms": 31.946592330932617,
      "loss": 33.43812469482422,
      "fusion_enabled": true
    }
  ],
  "b4_s64_run1": [
    {
      "config": "b4_s64_run1",
      "batch_size": 64,
      "seq_len": 64,
      "speed": 124.5219312837746,
      "memory_mb": 195.66748046875,
      "batch_time_ms": 32.126431465148926,
      "loss": 33.28817756652832,
      "fusion_enabled": true
    }
  ],
  "b4_s64_run2": [
    {
      "config": "b4_s64_run2",
      "batch_size": 64,
      "seq_len": 64,
      "speed": 124.2022001060767,
      "memory_mb": 195.66748046875,
      "batch_time_ms": 32.20683574676514,
      "loss": 33.28817756652832,
      "fusion_enabled": true
    }
  ],
  "b4_s64_run3": [
    {
      "config": "b4_s64_run3",
      "batch_size": 64,
      "seq_len": 64,
      "speed": 122.87180386195747,
      "memory_mb": 195.66748046875,
      "batch_time_ms": 32.55629539489746,
      "loss": 33.28817756652832,
      "fusion_enabled": true
    }
  ],
  "b4_s128_run1": [
    {
      "config": "b4_s128_run1",
      "batch_size": 128,
      "seq_len": 128,
      "speed": 67.49698042478985,
      "memory_mb": 233.44873046875,
      "batch_time_ms": 59.262309074401855,
      "loss": 33.34043548583984,
      "fusion_enabled": true
    }
  ],
  "b4_s128_run2": [
    {
      "config": "b4_s128_run2",
      "batch_size": 128,
      "seq_len": 128,
      "speed": 67.6690548647926,
      "memory_mb": 233.44873046875,
      "batch_time_ms": 59.111876487731934,
      "loss": 33.34043548583984,
      "fusion_enabled": true
    }
  ],
  "b4_s128_run3": [
    {
      "config": "b4_s128_run3",
      "batch_size": 128,
      "seq_len": 128,
      "speed": 67.59538258355016,
      "memory_mb": 233.44873046875,
      "batch_time_ms": 59.176268577575684,
      "loss": 33.34043548583984,
      "fusion_enabled": true
    }
  ],
  "b8_s32_run1": [
    {
      "config": "b8_s32_run1",
      "batch_size": 32,
      "seq_len": 32,
      "speed": 245.6459093677896,
      "memory_mb": 189.54248046875,
      "batch_time_ms": 32.56967544555664,
      "loss": 33.424442749023434,
      "fusion_enabled": true
    }
  ],
  "b8_s32_run2": [
    {
      "config": "b8_s32_run2",
      "batch_size": 32,
      "seq_len": 32,
      "speed": 247.40269128144845,
      "memory_mb": 189.54248046875,
      "batch_time_ms": 32.33790397644043,
      "loss": 33.424442749023434,
      "fusion_enabled": true
    }
  ],
  "b8_s32_run3": [
    {
      "config": "b8_s32_run3",
      "batch_size": 32,
      "seq_len": 32,
      "speed": 248.22603356007164,
      "memory_mb": 189.54248046875,
      "batch_time_ms": 32.230024337768555,
      "loss": 33.424442749023434,
      "fusion_enabled": true
    }
  ],
  "b8_s64_run1": [
    {
      "config": "b8_s64_run1",
      "batch_size": 64,
      "seq_len": 64,
      "speed": 213.39649148665103,
      "memory_mb": 208.94873046875,
      "batch_time_ms": 37.49000072479248,
      "loss": 33.3198208618164,
      "fusion_enabled": true
    }
  ],
  "b8_s64_run2": [
    {
      "config": "b8_s64_run2",
      "batch_size": 64,
      "seq_len": 64,
      "speed": 212.47488190743428,
      "memory_mb": 208.94873046875,
      "batch_time_ms": 37.65321731567383,
      "loss": 33.3198208618164,
      "fusion_enabled": true
    }
  ],
  "b8_s64_run3": [
    {
      "config": "b8_s64_run3",
      "batch_size": 64,
      "seq_len": 64,
      "speed": 212.51866807806022,
      "memory_mb": 208.94873046875,
      "batch_time_ms": 37.64515399932861,
      "loss": 33.3198208618164,
      "fusion_enabled": true
    }
  ],
  "b8_s128_run1": [
    {
      "config": "b8_s128_run1",
      "batch_size": 128,
      "seq_len": 128,
      "speed": 71.70693069863157,
      "memory_mb": 284.51123046875,
      "batch_time_ms": 111.56612396240234,
      "loss": 33.34742805480957,
      "fusion_enabled": true
    }
  ],
  "b8_s128_run2": [
    {
      "config": "b8_s128_run2",
      "batch_size": 128,
      "seq_len": 128,
      "speed": 71.81058615940674,
      "memory_mb": 284.51123046875,
      "batch_time_ms": 111.40459060668945,
      "loss": 33.34742805480957,
      "fusion_enabled": true
    }
  ],
  "b8_s128_run3": [
    {
      "config": "b8_s128_run3",
      "batch_size": 128,
      "seq_len": 128,
      "speed": 71.80075882715983,
      "memory_mb": 284.51123046875,
      "batch_time_ms": 111.41972541809082,
      "loss": 33.34742805480957,
      "fusion_enabled": true
    }
  ],
  "b2_s32_baseline_run1": [
    {
      "config": "b2_s32_baseline_run1",
      "batch_size": 32,
      "seq_len": 32,
      "speed": 47.85025881100107,
      "memory_mb": 184.17529296875,